"queue_rank","priority_score","gap_labels","review_segment","lead_id","company_name","customer_type","city_or_region","website","contact_data_level","primary_contact_method","contact_priority","recommended_action","official_contact_query","site_contact_query","form_query","kp_query","site_kp_query","public_linkedin_query","source_link"
"1","105","missing_form; missing_kp_direct","Restaurant/Hotel Final Customer","LEAD-0166","H&J Restaurants","餐厅集团","Melbourne","https://www.hjrestaurants.com.au/","已识别关键人","公司邮箱","中","Search direct KP email, phone, or public personal profile; keep confidence notes.","""H&J Restaurants"" Australia official contact","site:hjrestaurants.com.au contact OR enquiry OR suppliers","""H&J Restaurants"" Australia contact form OR enquiry OR suppliers","""H&J Restaurants"" Australia owner OR founder OR director OR operations OR procurement OR ""food and beverage""","site:hjrestaurants.com.au team OR people OR leadership OR director OR founder","site:linkedin.com/in ""H&J Restaurants"" Australia director OR operations OR procurement","https://www.hjrestaurants.com.au/contact"
"2","95","missing_kp_direct","Restaurant/Hotel Final Customer","LEAD-0165","Alleyway Group","多门店餐厅","Melbourne / Sydney / Brisbane","https://www.alleywaygroup.com.au/","已识别关键人","联系表单","中","Search direct KP email, phone, or public personal profile; keep confidence notes.","""Alleyway Group"" Australia official contact","site:alleywaygroup.com.au contact OR enquiry OR suppliers","""Alleyway Group"" Australia contact form OR enquiry OR suppliers","""Alleyway Group"" Australia owner OR founder OR director OR operations OR procurement OR ""food and beverage""","site:alleywaygroup.com.au team OR people OR leadership OR director OR founder","site:linkedin.com/in ""Alleyway Group"" Australia director OR operations OR procurement","https://www.alleywaygroup.com.au/"
"3","95","missing_kp_direct","Restaurant/Hotel Final Customer","LEAD-0172","Australian Venue Co.","餐厅集团/含餐饮空间的活动场地","Australia-wide","https://www.ausvenueco.com.au/","已识别关键人","公司邮箱","中","Search direct KP email, phone, or public personal profile; keep confidence notes.","""Australian Venue Co."" Australia official contact","site:ausvenueco.com.au contact OR enquiry OR suppliers","""Australian Venue Co."" Australia contact form OR enquiry OR suppliers","""Australian Venue Co."" Australia owner OR founder OR director OR operations OR procurement OR ""food and beverage""","site:ausvenueco.com.au team OR people OR leadership OR director OR founder","site:linkedin.com/in ""Australian Venue Co."" Australia director OR operations OR procurement","https://www.ausvenueco.com.au/contact/"
"4","95","missing_kp_direct","Restaurant/Hotel Final Customer","LEAD-0181","Crystalbrook Collection","酒店集团","Sydney / Brisbane / Cairns / Byron Bay / Newcastle","https://www.crystalbrookcollection.com/","已识别关键人","公司邮箱","中","Search direct KP email, phone, or public personal profile; keep confidence notes.","""Crystalbrook Collection"" Australia official contact","site:crystalbrookcollection.com contact OR enquiry OR suppliers","""Crystalbrook Collection"" Australia contact form OR enquiry OR suppliers","""Crystalbrook Collection"" Australia owner OR founder OR director OR operations OR procurement OR ""food and beverage""","site:crystalbrookcollection.com team OR people OR leadership OR director OR founder","site:linkedin.com/in ""Crystalbrook Collection"" Australia director OR operations OR procurement","https://www.crystalbrookcollection.com/contact-us"
"5","95","missing_kp_direct","Restaurant/Hotel Final Customer","LEAD-0187","Lancemore Hotels","酒店集团","Victoria / Queensland","https://lancemore.com.au/","仅公司级联系","公司邮箱","中","Search direct KP email, phone, or public personal profile; keep confidence notes.","""Lancemore Hotels"" Australia official contact","site:lancemore.com.au contact OR enquiry OR suppliers","""Lancemore Hotels"" Australia contact form OR enquiry OR suppliers","""Lancemore Hotels"" Australia owner OR founder OR director OR operations OR procurement OR ""food and beverage""","site:lancemore.com.au team OR people OR leadership OR director OR founder","site:linkedin.com/in ""Lancemore Hotels"" Australia director OR operations OR procurement","https://lancemore.com.au/about-us/"
"6","95","missing_kp_direct","Restaurant/Hotel Final Customer","LEAD-0193","Meriton Suites","酒店集团","Sydney / Brisbane / Gold Coast / Melbourne / Canberra","https://www.meritonsuites.com.au/","仅公司级联系","公司电话","中","Search direct KP email, phone, or public personal profile; keep confidence notes.","""Meriton Suites"" Australia official contact","site:meritonsuites.com.au contact OR enquiry OR suppliers","""Meriton Suites"" Australia contact form OR enquiry OR suppliers","""Meriton Suites"" Australia owner OR founder OR director OR operations OR procurement OR ""food and beverage""","site:meritonsuites.com.au team OR people OR leadership OR director OR founder","site:linkedin.com/in ""Meriton Suites"" Australia director OR operations OR procurement","https://www.meritonsuites.com.au/"
"7","95","missing_kp_direct","Restaurant/Hotel Final Customer","LEAD-0194","Ovolo Hotels Australia","酒店集团","Sydney / Brisbane / Canberra / Melbourne","https://ovolohotels.com/","仅公司级联系","联系表单","中","Search direct KP email, phone, or public personal profile; keep confidence notes.","""Ovolo Hotels Australia"" Australia official contact","site:ovolohotels.com contact OR enquiry OR suppliers","""Ovolo Hotels Australia"" Australia contact form OR enquiry OR suppliers","""Ovolo Hotels Australia"" Australia owner OR founder OR director OR operations OR procurement OR ""food and beverage""","site:ovolohotels.com team OR people OR leadership OR director OR founder","site:linkedin.com/in ""Ovolo Hotels Australia"" Australia director OR operations OR procurement","https://ovolohotels.com/"
"8","95","missing_kp_direct","Restaurant/Hotel Final Customer","LEAD-0176","Trader House","餐厅集团","Melbourne / Brisbane","https://www.traderhouse.com.au/","已识别关键人","联系表单","中","Search direct KP email, phone, or public personal profile; keep confidence notes.","""Trader House"" Australia official contact","site:traderhouse.com.au contact OR enquiry OR suppliers","""Trader House"" Australia contact form OR enquiry OR suppliers","""Trader House"" Australia owner OR founder OR director OR operations OR procurement OR ""food and beverage""","site:traderhouse.com.au team OR people OR leadership OR director OR founder","site:linkedin.com/in ""Trader House"" Australia director OR operations OR procurement","https://www.traderhouse.com.au/about"
"9","85","missing_kp","Restaurant/Hotel Final Customer","LEAD-0180","AB Hotels","酒店集团/酒店餐饮集团","Sydney","https://www.abhotels.com.au/","仅公司级联系","联系表单","中","Search owner/founder/director/operations/F&B/procurement KP evidence.","""AB Hotels"" Australia official contact","site:abhotels.com.au contact OR enquiry OR suppliers","""AB Hotels"" Australia contact form OR enquiry OR suppliers","""AB Hotels"" Australia owner OR founder OR director OR operations OR procurement OR ""food and beverage""","site:abhotels.com.au team OR people OR leadership OR director OR founder","site:linkedin.com/in ""AB Hotels"" Australia director OR operations OR procurement","https://www.abhotels.com.au/contact"
"10","85","missing_kp","Restaurant/Hotel Final Customer","LEAD-0120","ALH Group","酒店/酒店餐饮集团","Australia-wide","https://www.alhgroup.com.au/","仅公司级联系","公司邮箱","中","Search owner/founder/director/operations/F&B/procurement KP evidence.","""ALH Group"" Australia official contact","site:alhgroup.com.au contact OR enquiry OR suppliers","""ALH Group"" Australia contact form OR enquiry OR suppliers","""ALH Group"" Australia owner OR founder OR director OR operations OR procurement OR ""food and beverage""","site:alhgroup.com.au team OR people OR leadership OR director OR founder","site:linkedin.com/in ""ALH Group"" Australia director OR operations OR procurement","https://www.alhgroup.com.au/contact"
"11","85","missing_kp","Restaurant/Hotel Final Customer","LEAD-0119","Signature Hospitality Group","餐厅集团","Melbourne / Australia-wide","https://www.signaturehospitalitygroup.com.au/","仅公司级联系","公司联系页","中","Search owner/founder/director/operations/F&B/procurement KP evidence.","""Signature Hospitality Group"" Australia official contact","site:signaturehospitalitygroup.com.au contact OR enquiry OR suppliers","""Signature Hospitality Group"" Australia contact form OR enquiry OR suppliers","""Signature Hospitality Group"" Australia owner OR founder OR director OR operations OR procurement OR ""food and beverage""","site:signaturehospitalitygroup.com.au team OR people OR leadership OR director OR founder","site:linkedin.com/in ""Signature Hospitality Group"" Australia director OR operations OR procurement","https://www.signaturehospitalitygroup.com.au/contact/"
"12","80","missing_form","Restaurant/Hotel Final Customer","LEAD-0117","Bentley Restaurant Group","餐厅集团","Sydney","https://www.bentleyrestaurantgroup.com.au/","已识别关键人","公司邮箱","中","Find official enquiry/contact/supplier form as secondary route.","""Bentley Restaurant Group"" Australia official contact","site:bentleyrestaurantgroup.com.au contact OR enquiry OR suppliers","""Bentley Restaurant Group"" Australia contact form OR enquiry OR suppliers","""Bentley Restaurant Group"" Australia owner OR founder OR director OR operations OR procurement OR ""food and beverage""","site:bentleyrestaurantgroup.com.au team OR people OR leadership OR director OR founder","site:linkedin.com/in ""Bentley Restaurant Group"" Australia director OR operations OR procurement","https://www.bentleyrestaurantgroup.com.au/contact"
"13","80","missing_form","Restaurant/Hotel Final Customer","LEAD-0118","Gambaro Group","餐厅集团/含餐饮空间的活动场地","Brisbane","https://gambarogroup.com.au/","已找到关键人直联","关键人邮箱候选","中","Find official enquiry/contact/supplier form as secondary route.","""Gambaro Group"" Australia official contact","site:gambarogroup.com.au contact OR enquiry OR suppliers","""Gambaro Group"" Australia contact form OR enquiry OR suppliers","""Gambaro Group"" Australia owner OR founder OR director OR operations OR procurement OR ""food and beverage""","site:gambarogroup.com.au team OR people OR leadership OR director OR founder","site:linkedin.com/in ""Gambaro Group"" Australia director OR operations OR procurement","https://gambarogroup.com.au/contact/"
"14","75","missing_form; missing_kp_direct","Restaurant/Hotel Final Customer","AU-0203","ahs hospitality","Final Customer","","https://ahshospitality.com.au","","","","Search direct KP email, phone, or public personal profile; keep confidence notes.","""ahs hospitality"" Australia official contact","site:ahshospitality.com.au contact OR enquiry OR suppliers","""ahs hospitality"" Australia contact form OR enquiry OR suppliers","""ahs hospitality"" Australia owner OR founder OR director OR operations OR procurement OR ""food and beverage""","site:ahshospitality.com.au team OR people OR leadership OR director OR founder","site:linkedin.com/in ""ahs hospitality"" Australia director OR operations OR procurement",""
"15","75","missing_form; missing_kp_direct","Restaurant/Hotel Final Customer","AU-0221","Bay 13 Brewery & Kitchen","Final Customer","","https://bay13brewery.com","","","","Search direct KP email, phone, or public personal profile; keep confidence notes.","""Bay 13 Brewery & Kitchen"" Australia official contact","site:bay13brewery.com contact OR enquiry OR suppliers","""Bay 13 Brewery & Kitchen"" Australia contact form OR enquiry OR suppliers","""Bay 13 Brewery & Kitchen"" Australia owner OR founder OR director OR operations OR procurement OR ""food and beverage""","site:bay13brewery.com team OR people OR leadership OR director OR founder","site:linkedin.com/in ""Bay 13 Brewery & Kitchen"" Australia director OR operations OR procurement",""
"16","75","missing_form; missing_kp_direct","Restaurant/Hotel Final Customer","AU-0202","Blanco Horner Hospitality","Final Customer","","https://blancohorner.com.au","","","","Search direct KP email, phone, or public personal profile; keep confidence notes.","""Blanco Horner Hospitality"" Australia official contact","site:blancohorner.com.au contact OR enquiry OR suppliers","""Blanco Horner Hospitality"" Australia contact form OR enquiry OR suppliers","""Blanco Horner Hospitality"" Australia owner OR founder OR director OR operations OR procurement OR ""food and beverage""","site:blancohorner.com.au team OR people OR leadership OR director OR founder","site:linkedin.com/in ""Blanco Horner Hospitality"" Australia director OR operations OR procurement",""
"17","75","missing_form; missing_kp_direct","Restaurant/Hotel Final Customer","AU-0196","Tao Restaurant Group","Final Customer","","https://taogroup.com.au","","","","Search direct KP email, phone, or public personal profile; keep confidence notes.","""Tao Restaurant Group"" Australia official contact","site:taogroup.com.au contact OR enquiry OR suppliers","""Tao Restaurant Group"" Australia contact form OR enquiry OR suppliers","""Tao Restaurant Group"" Australia owner OR founder OR director OR operations OR procurement OR ""food and beverage""","site:taogroup.com.au team OR people OR leadership OR director OR founder","site:linkedin.com/in ""Tao Restaurant Group"" Australia director OR operations OR procurement",""
"18","65","missing_form; missing_kp","Restaurant/Hotel Final Customer","AU-0450","About Us | Regional Motel Partners","Final Customer","","https://motelpartners.com.au","","","","Search owner/founder/director/operations/F&B/procurement KP evidence.","""About Us | Regional Motel Partners"" Australia official contact","site:motelpartners.com.au contact OR enquiry OR suppliers","""About Us | Regional Motel Partners"" Australia contact form OR enquiry OR suppliers","""About Us | Regional Motel Partners"" Australia owner OR founder OR director OR operations OR procurement OR ""food and beverage""","site:motelpartners.com.au team OR people OR leadership OR director OR founder","site:linkedin.com/in ""About Us | Regional Motel Partners"" Australia director OR operations OR procurement","https://www.motelpartners.com.au/about-us"
"19","65","missing_form; missing_kp","Restaurant/Hotel Final Customer","AU-0325","About Us – The Catering Group","Final Customer","","https://thecateringgroup.com.au","","","","Search owner/founder/director/operations/F&B/procurement KP evidence.","""About Us – The Catering Group"" Australia official contact","site:thecateringgroup.com.au contact OR enquiry OR suppliers","""About Us – The Catering Group"" Australia contact form OR enquiry OR suppliers","""About Us – The Catering Group"" Australia owner OR founder OR director OR operations OR procurement OR ""food and beverage""","site:thecateringgroup.com.au team OR people OR leadership OR director OR founder","site:linkedin.com/in ""About Us – The Catering Group"" Australia director OR operations OR procurement","https://thecateringgroup.com.au/about-us"
"20","65","missing_form; missing_kp","Restaurant/Hotel Final Customer","AU-0206","Atlantic Group","Final Customer","","https://atlanticgroup.com.au","","","","Search owner/founder/director/operations/F&B/procurement KP evidence.","""Atlantic Group"" Australia official contact","site:atlanticgroup.com.au contact OR enquiry OR suppliers","""Atlantic Group"" Australia contact form OR enquiry OR suppliers","""Atlantic Group"" Australia owner OR founder OR director OR operations OR procurement OR ""food and beverage""","site:atlanticgroup.com.au team OR people OR leadership OR director OR founder","site:linkedin.com/in ""Atlantic Group"" Australia director OR operations OR procurement",""
"21","65","missing_form; missing_kp","Restaurant/Hotel Final Customer","AU-0296","Authentic Lebanese Wedding Catering Melbourne &amp; Regional Victoria | atiyah","Final Customer","","https://atiyah.life","","","","Search owner/founder/director/operations/F&B/procurement KP evidence.","""Authentic Lebanese Wedding Catering Melbourne &amp; Regional Victoria | atiyah"" Australia official contact","site:atiyah.life contact OR enquiry OR suppliers","""Authentic Lebanese Wedding Catering Melbourne &amp; Regional Victoria | atiyah"" Australia contact form OR enquiry OR suppliers","""Authentic Lebanese Wedding Catering Melbourne &amp; Regional Victoria | atiyah"" Australia owner OR founder OR director OR operations OR procurement OR ""food and beverage""","site:atiyah.life team OR people OR leadership OR director OR founder","site:linkedin.com/in ""Authentic Lebanese Wedding Catering Melbourne &amp; Regional Victoria | atiyah"" Australia director OR operations OR procurement","https://www.atiyah.life/wedding-catering"
"22","65","missing_form; missing_kp","Restaurant/Hotel Final Customer","AU-0292","Bespoke Catering &amp; Events - Premium Event Catering in Sydney","Final Customer","","https://bespokecatering.sydney","","","","Search owner/founder/director/operations/F&B/procurement KP evidence.","""Bespoke Catering &amp; Events - Premium Event Catering in Sydney"" Australia official contact","site:bespokecatering.sydney contact OR enquiry OR suppliers","""Bespoke Catering &amp; Events - Premium Event Catering in Sydney"" Australia contact form OR enquiry OR suppliers","""Bespoke Catering &amp; Events - Premium Event Catering in Sydney"" Australia owner OR founder OR director OR operations OR procurement OR ""food and beverage""","site:bespokecatering.sydney team OR people OR leadership OR director OR founder","site:linkedin.com/in ""Bespoke Catering &amp; Events - Premium Event Catering in Sydney"" Australia director OR operations OR procurement","http://bespokecatering.sydney"
"23","65","missing_form; missing_kp","Restaurant/Hotel Final Customer","AU-0297","Birthday Catering Melbourne | Events &amp; Party Catering Service","Final Customer","","https://cateringbychefs.com.au","","","","Search owner/founder/director/operations/F&B/procurement KP evidence.","""Birthday Catering Melbourne | Events &amp; Party Catering Service"" Australia official contact","site:cateringbychefs.com.au contact OR enquiry OR suppliers","""Birthday Catering Melbourne | Events &amp; Party Catering Service"" Australia contact form OR enquiry OR suppliers","""Birthday Catering Melbourne | Events &amp; Party Catering Service"" Australia owner OR founder OR director OR operations OR procurement OR ""food and beverage""","site:cateringbychefs.com.au team OR people OR leadership OR director OR founder","site:linkedin.com/in ""Birthday Catering Melbourne | Events &amp; Party Catering Service"" Australia director OR operations OR procurement","https://cateringbychefs.com.au"
"24","65","missing_form; missing_kp","Restaurant/Hotel Final Customer","AU-0293","Casa Catering Sydney: Your One-Stop Catering Solution","Final Customer","","https://catering-sydney.au","","","","Search owner/founder/director/operations/F&B/procurement KP evidence.","""Casa Catering Sydney: Your One-Stop Catering Solution"" Australia official contact","site:catering-sydney.au contact OR enquiry OR suppliers","""Casa Catering Sydney: Your One-Stop Catering Solution"" Australia contact form OR enquiry OR suppliers","""Casa Catering Sydney: Your One-Stop Catering Solution"" Australia owner OR founder OR director OR operations OR procurement OR ""food and beverage""","site:catering-sydney.au team OR people OR leadership OR director OR founder","site:linkedin.com/in ""Casa Catering Sydney: Your One-Stop Catering Solution"" Australia director OR operations OR procurement","https://catering-sydney.au"
"25","65","missing_form; missing_kp","Restaurant/Hotel Final Customer","AU-0326","Cater Care: Trusted Food Service Contractors in Australia","Final Customer","","https://catercare.com.au","","","","Search owner/founder/director/operations/F&B/procurement KP evidence.","""Cater Care: Trusted Food Service Contractors in Australia"" Australia official contact","site:catercare.com.au contact OR enquiry OR suppliers","""Cater Care: Trusted Food Service Contractors in Australia"" Australia contact form OR enquiry OR suppliers","""Cater Care: Trusted Food Service Contractors in Australia"" Australia owner OR founder OR director OR operations OR procurement OR ""food and beverage""","site:catercare.com.au team OR people OR leadership OR director OR founder","site:linkedin.com/in ""Cater Care: Trusted Food Service Contractors in Australia"" Australia director OR operations OR procurement","https://catercare.com.au"
"26","65","missing_form; missing_kp","Restaurant/Hotel Final Customer","AU-0288","Catering in Darwin | Darwin Catering Company","Final Customer","","https://darwincateringcompany.com.au","","","","Search owner/founder/director/operations/F&B/procurement KP evidence.","""Catering in Darwin | Darwin Catering Company"" Australia official contact","site:darwincateringcompany.com.au contact OR enquiry OR suppliers","""Catering in Darwin | Darwin Catering Company"" Australia contact form OR enquiry OR suppliers","""Catering in Darwin | Darwin Catering Company"" Australia owner OR founder OR director OR operations OR procurement OR ""food and beverage""","site:darwincateringcompany.com.au team OR people OR leadership OR director OR founder","site:linkedin.com/in ""Catering in Darwin | Darwin Catering Company"" Australia director OR operations OR procurement","https://www.darwincateringcompany.com.au"
"27","65","missing_form; missing_kp","Restaurant/Hotel Final Customer","AU-0330","Catering Melbourne | Diamond Blue Catering Services","Final Customer","","https://diamondbluecateringmelbourne.com.au","","","","Search owner/founder/director/operations/F&B/procurement KP evidence.","""Catering Melbourne | Diamond Blue Catering Services"" Australia official contact","site:diamondbluecateringmelbourne.com.au contact OR enquiry OR suppliers","""Catering Melbourne | Diamond Blue Catering Services"" Australia contact form OR enquiry OR suppliers","""Catering Melbourne | Diamond Blue Catering Services"" Australia owner OR founder OR director OR operations OR procurement OR ""food and beverage""","site:diamondbluecateringmelbourne.com.au team OR people OR leadership OR director OR founder","site:linkedin.com/in ""Catering Melbourne | Diamond Blue Catering Services"" Australia director OR operations OR procurement","https://diamondbluecateringmelbourne.com.au"
"28","65","missing_form; missing_kp","Restaurant/Hotel Final Customer","AU-0329","Catering Melbourne | Essential Catering &amp; Events","Final Customer","","https://essentialcatering.com.au","","","","Search owner/founder/director/operations/F&B/procurement KP evidence.","""Catering Melbourne | Essential Catering &amp; Events"" Australia official contact","site:essentialcatering.com.au contact OR enquiry OR suppliers","""Catering Melbourne | Essential Catering &amp; Events"" Australia contact form OR enquiry OR suppliers","""Catering Melbourne | Essential Catering &amp; Events"" Australia owner OR founder OR director OR operations OR procurement OR ""food and beverage""","site:essentialcatering.com.au team OR people OR leadership OR director OR founder","site:linkedin.com/in ""Catering Melbourne | Essential Catering &amp; Events"" Australia director OR operations OR procurement","https://www.essentialcatering.com.au"
"29","65","missing_form; missing_kp","Restaurant/Hotel Final Customer","AU-0324","Catering Services Sydney | Australian Corporate Catering Services | The Catering Dept","Final Customer","","https://thecateringdept.com.au","","","","Search owner/founder/director/operations/F&B/procurement KP evidence.","""Catering Services Sydney | Australian Corporate Catering Services | The Catering Dept"" Australia official contact","site:thecateringdept.com.au contact OR enquiry OR suppliers","""Catering Services Sydney | Australian Corporate Catering Services | The Catering Dept"" Australia contact form OR enquiry OR suppliers","""Catering Services Sydney | Australian Corporate Catering Services | The Catering Dept"" Australia owner OR founder OR director OR operations OR procurement OR ""food and beverage""","site:thecateringdept.com.au team OR people OR leadership OR director OR founder","site:linkedin.com/in ""Catering Services Sydney | Australian Corporate Catering Services | The Catering Dept"" Australia director OR operations OR procurement","https://www.thecateringdept.com.au"
"30","65","missing_form; missing_kp","Restaurant/Hotel Final Customer","AU-0208","Chefline Group","Final Customer","","https://chefline.com.au","","","","Search owner/founder/director/operations/F&B/procurement KP evidence.","""Chefline Group"" Australia official contact","site:chefline.com.au contact OR enquiry OR suppliers","""Chefline Group"" Australia contact form OR enquiry OR suppliers","""Chefline Group"" Australia owner OR founder OR director OR operations OR procurement OR ""food and beverage""","site:chefline.com.au team OR people OR leadership OR director OR founder","site:linkedin.com/in ""Chefline Group"" Australia director OR operations OR procurement",""
"31","65","missing_form; missing_kp","Restaurant/Hotel Final Customer","AU-0385","Complete Client Listing | Hospitality Mgmt Aus","Final Customer","","https://hospitalitymanagement.com.au","","","","Search owner/founder/director/operations/F&B/procurement KP evidence.","""Complete Client Listing | Hospitality Mgmt Aus"" Australia official contact","site:hospitalitymanagement.com.au contact OR enquiry OR suppliers","""Complete Client Listing | Hospitality Mgmt Aus"" Australia contact form OR enquiry OR suppliers","""Complete Client Listing | Hospitality Mgmt Aus"" Australia owner OR founder OR director OR operations OR procurement OR ""food and beverage""","site:hospitalitymanagement.com.au team OR people OR leadership OR director OR founder","site:linkedin.com/in ""Complete Client Listing | Hospitality Mgmt Aus"" Australia director OR operations OR procurement","https://www.hospitalitymanagement.com.au/complete-client-listing"
"32","65","missing_form; missing_kp","Restaurant/Hotel Final Customer","AU-0307","Conference venues Sydney | Capella Sydney","Final Customer","","https://capellahotels.com","","","","Search owner/founder/director/operations/F&B/procurement KP evidence.","""Conference venues Sydney | Capella Sydney"" Australia official contact","site:capellahotels.com contact OR enquiry OR suppliers","""Conference venues Sydney | Capella Sydney"" Australia contact form OR enquiry OR suppliers","""Conference venues Sydney | Capella Sydney"" Australia owner OR founder OR director OR operations OR procurement OR ""food and beverage""","site:capellahotels.com team OR people OR leadership OR director OR founder","site:linkedin.com/in ""Conference venues Sydney | Capella Sydney"" Australia director OR operations OR procurement","https://capellahotels.com/en/capella-sydney/meetings-events"
"33","65","missing_form; missing_kp","Restaurant/Hotel Final Customer","AU-0277","Contact Song Hotels - Song Hotel Sydney Australia","Final Customer","","https://songhotels.com.au","","","","Search owner/founder/director/operations/F&B/procurement KP evidence.","""Contact Song Hotels - Song Hotel Sydney Australia"" Australia official contact","site:songhotels.com.au contact OR enquiry OR suppliers","""Contact Song Hotels - Song Hotel Sydney Australia"" Australia contact form OR enquiry OR suppliers","""Contact Song Hotels - Song Hotel Sydney Australia"" Australia owner OR founder OR director OR operations OR procurement OR ""food and beverage""","site:songhotels.com.au team OR people OR leadership OR director OR founder","site:linkedin.com/in ""Contact Song Hotels - Song Hotel Sydney Australia"" Australia director OR operations OR procurement","https://www.songhotels.com.au/contact-us"
"34","65","missing_form; missing_kp","Restaurant/Hotel Final Customer","AU-0269","Contact Us - Grand Hotel Group","Final Customer","","https://grandhotelgroup.com.au","","","","Search owner/founder/director/operations/F&B/procurement KP evidence.","""Contact Us - Grand Hotel Group"" Australia official contact","site:grandhotelgroup.com.au contact OR enquiry OR suppliers","""Contact Us - Grand Hotel Group"" Australia contact form OR enquiry OR suppliers","""Contact Us - Grand Hotel Group"" Australia owner OR founder OR director OR operations OR procurement OR ""food and beverage""","site:grandhotelgroup.com.au team OR people OR leadership OR director OR founder","site:linkedin.com/in ""Contact Us - Grand Hotel Group"" Australia director OR operations OR procurement","https://grandhotelgroup.com.au/contact-us"
"35","65","missing_form; missing_kp","Restaurant/Hotel Final Customer","AU-0332","Contact Us - The Venues Collection","Final Customer","","https://thevenuesco.au","","","","Search owner/founder/director/operations/F&B/procurement KP evidence.","""Contact Us - The Venues Collection"" Australia official contact","site:thevenuesco.au contact OR enquiry OR suppliers","""Contact Us - The Venues Collection"" Australia contact form OR enquiry OR suppliers","""Contact Us - The Venues Collection"" Australia owner OR founder OR director OR operations OR procurement OR ""food and beverage""","site:thevenuesco.au team OR people OR leadership OR director OR founder","site:linkedin.com/in ""Contact Us - The Venues Collection"" Australia director OR operations OR procurement","https://thevenuesco.au/contactus"
"36","65","missing_form; missing_kp","Restaurant/Hotel Final Customer","AU-0252","Contact Us - Wholesale Food Group","Final Customer","","https://wholesalefoodgroup.com.au","","","","Search owner/founder/director/operations/F&B/procurement KP evidence.","""Contact Us - Wholesale Food Group"" Australia official contact","site:wholesalefoodgroup.com.au contact OR enquiry OR suppliers","""Contact Us - Wholesale Food Group"" Australia contact form OR enquiry OR suppliers","""Contact Us - Wholesale Food Group"" Australia owner OR founder OR director OR operations OR procurement OR ""food and beverage""","site:wholesalefoodgroup.com.au team OR people OR leadership OR director OR founder","site:linkedin.com/in ""Contact Us - Wholesale Food Group"" Australia director OR operations OR procurement","https://wholesalefoodgroup.com.au/contact-us"
"37","65","missing_form; missing_kp","Restaurant/Hotel Final Customer","AU-0273","Contact us at Hunter Group Hotel","Final Customer","","https://hunterhotelgroup.com.au","","","","Search owner/founder/director/operations/F&B/procurement KP evidence.","""Contact us at Hunter Group Hotel"" Australia official contact","site:hunterhotelgroup.com.au contact OR enquiry OR suppliers","""Contact us at Hunter Group Hotel"" Australia contact form OR enquiry OR suppliers","""Contact us at Hunter Group Hotel"" Australia owner OR founder OR director OR operations OR procurement OR ""food and beverage""","site:hunterhotelgroup.com.au team OR people OR leadership OR director OR founder","site:linkedin.com/in ""Contact us at Hunter Group Hotel"" Australia director OR operations OR procurement","https://www.hunterhotelgroup.com.au/contact-us.html"
"38","65","missing_form; missing_kp","Restaurant/Hotel Final Customer","AU-0271","Contact us | at Hotel Group","Final Customer","","https://athotelgroup.com","","","","Search owner/founder/director/operations/F&B/procurement KP evidence.","""Contact us | at Hotel Group"" Australia official contact","site:athotelgroup.com contact OR enquiry OR suppliers","""Contact us | at Hotel Group"" Australia contact form OR enquiry OR suppliers","""Contact us | at Hotel Group"" Australia owner OR founder OR director OR operations OR procurement OR ""food and beverage""","site:athotelgroup.com team OR people OR leadership OR director OR founder","site:linkedin.com/in ""Contact us | at Hotel Group"" Australia director OR operations OR procurement","https://www.athotelgroup.com/contact-us"
"39","65","missing_form; missing_kp","Restaurant/Hotel Final Customer","AU-0348","Contact — Taste Hospitality","Final Customer","","https://tastehospitality.com.au","","","","Search owner/founder/director/operations/F&B/procurement KP evidence.","""Contact — Taste Hospitality"" Australia official contact","site:tastehospitality.com.au contact OR enquiry OR suppliers","""Contact — Taste Hospitality"" Australia contact form OR enquiry OR suppliers","""Contact — Taste Hospitality"" Australia owner OR founder OR director OR operations OR procurement OR ""food and beverage""","site:tastehospitality.com.au team OR people OR leadership OR director OR founder","site:linkedin.com/in ""Contact — Taste Hospitality"" Australia director OR operations OR procurement","https://www.tastehospitality.com.au/contact-us"
"40","65","missing_form; missing_kp","Restaurant/Hotel Final Customer","AU-0290","Corporate Catering with Australia's #1 Platform | EatFirst","Final Customer","","https://eatfirst.com.au","","","","Search owner/founder/director/operations/F&B/procurement KP evidence.","""Corporate Catering with Australia's #1 Platform | EatFirst"" Australia official contact","site:eatfirst.com.au contact OR enquiry OR suppliers","""Corporate Catering with Australia's #1 Platform | EatFirst"" Australia contact form OR enquiry OR suppliers","""Corporate Catering with Australia's #1 Platform | EatFirst"" Australia owner OR founder OR director OR operations OR procurement OR ""food and beverage""","site:eatfirst.com.au team OR people OR leadership OR director OR founder","site:linkedin.com/in ""Corporate Catering with Australia's #1 Platform | EatFirst"" Australia director OR operations OR procurement","https://www.eatfirst.com.au/en-au"
"41","65","missing_form; missing_kp","Restaurant/Hotel Final Customer","AU-0301","Corporate | Rydges Melbourne (CBD)","Final Customer","","https://rydges.com","","","","Search owner/founder/director/operations/F&B/procurement KP evidence.","""Corporate | Rydges Melbourne (CBD)"" Australia official contact","site:rydges.com contact OR enquiry OR suppliers","""Corporate | Rydges Melbourne (CBD)"" Australia contact form OR enquiry OR suppliers","""Corporate | Rydges Melbourne (CBD)"" Australia owner OR founder OR director OR operations OR procurement OR ""food and beverage""","site:rydges.com team OR people OR leadership OR director OR founder","site:linkedin.com/in ""Corporate | Rydges Melbourne (CBD)"" Australia director OR operations OR procurement","https://www.rydges.com/accommodation/melbourne-vic/melbourne-cbd/meetings-events/meetings"
"42","65","missing_kp_direct","Restaurant/Hotel Final Customer","AU-0212","Don Hodge Group","Final Customer","","https://dhg.net.au","","","","Search direct KP email, phone, or public personal profile; keep confidence notes.","""Don Hodge Group"" Australia official contact","site:dhg.net.au contact OR enquiry OR suppliers","""Don Hodge Group"" Australia contact form OR enquiry OR suppliers","""Don Hodge Group"" Australia owner OR founder OR director OR operations OR procurement OR ""food and beverage""","site:dhg.net.au team OR people OR leadership OR director OR founder","site:linkedin.com/in ""Don Hodge Group"" Australia director OR operations OR procurement",""
"43","65","missing_form; missing_kp","Restaurant/Hotel Final Customer","AU-0414","Explore Franchise Opportunities - Mad Mex","Final Customer","","https://madmex.com.au","","","","Search owner/founder/director/operations/F&B/procurement KP evidence.","""Explore Franchise Opportunities - Mad Mex"" Australia official contact","site:madmex.com.au contact OR enquiry OR suppliers","""Explore Franchise Opportunities - Mad Mex"" Australia contact form OR enquiry OR suppliers","""Explore Franchise Opportunities - Mad Mex"" Australia owner OR founder OR director OR operations OR procurement OR ""food and beverage""","site:madmex.com.au team OR people OR leadership OR director OR founder","site:linkedin.com/in ""Explore Franchise Opportunities - Mad Mex"" Australia director OR operations OR procurement","https://www.madmex.com.au/franchise"
"44","65","missing_form; missing_kp","Restaurant/Hotel Final Customer","AU-0413","Franchising | Guzman y Gomez Mexican Kitchen | Find Out More","Final Customer","","https://guzmanygomez.com.au","","","","Search owner/founder/director/operations/F&B/procurement KP evidence.","""Franchising | Guzman y Gomez Mexican Kitchen | Find Out More"" Australia official contact","site:guzmanygomez.com.au contact OR enquiry OR suppliers","""Franchising | Guzman y Gomez Mexican Kitchen | Find Out More"" Australia contact form OR enquiry OR suppliers","""Franchising | Guzman y Gomez Mexican Kitchen | Find Out More"" Australia owner OR founder OR director OR operations OR procurement OR ""food and beverage""","site:guzmanygomez.com.au team OR people OR leadership OR director OR founder","site:linkedin.com/in ""Franchising | Guzman y Gomez Mexican Kitchen | Find Out More"" Australia director OR operations OR procurement","https://www.guzmanygomez.com.au/franchising"
"45","65","missing_form; missing_kp","Restaurant/Hotel Final Customer","AU-0346","Francis Venues - Hospitality Management Group","Final Customer","","https://francisvenues.com.au","","","","Search owner/founder/director/operations/F&B/procurement KP evidence.","""Francis Venues - Hospitality Management Group"" Australia official contact","site:francisvenues.com.au contact OR enquiry OR suppliers","""Francis Venues - Hospitality Management Group"" Australia contact form OR enquiry OR suppliers","""Francis Venues - Hospitality Management Group"" Australia owner OR founder OR director OR operations OR procurement OR ""food and beverage""","site:francisvenues.com.au team OR people OR leadership OR director OR founder","site:linkedin.com/in ""Francis Venues - Hospitality Management Group"" Australia director OR operations OR procurement","https://francisvenues.com.au"
"46","65","missing_form; missing_kp","Restaurant/Hotel Final Customer","AU-0286","Function Room &amp; Event Venue Hire South Melbourne — Albion Rooftop &amp; Club","Final Customer","","https://albionrooftop.com.au","","","","Search owner/founder/director/operations/F&B/procurement KP evidence.","""Function Room &amp; Event Venue Hire South Melbourne — Albion Rooftop &amp; Club"" Australia official contact","site:albionrooftop.com.au contact OR enquiry OR suppliers","""Function Room &amp; Event Venue Hire South Melbourne — Albion Rooftop &amp; Club"" Australia contact form OR enquiry OR suppliers","""Function Room &amp; Event Venue Hire South Melbourne — Albion Rooftop &amp; Club"" Australia owner OR founder OR director OR operations OR procurement OR ""food and beverage""","site:albionrooftop.com.au team OR people OR leadership OR director OR founder","site:linkedin.com/in ""Function Room &amp; Event Venue Hire South Melbourne — Albion Rooftop &amp; Club"" Australia director OR operations OR procurement","https://albionrooftop.com.au/function-venue-south-melbourne"
"47","65","missing_form; missing_kp","Restaurant/Hotel Final Customer","AU-0309","Function Rooms &amp; Event Venues | Pier One Sydney Harbour","Final Customer","","https://pieronesydneyharbour.com.au","","","","Search owner/founder/director/operations/F&B/procurement KP evidence.","""Function Rooms &amp; Event Venues | Pier One Sydney Harbour"" Australia official contact","site:pieronesydneyharbour.com.au contact OR enquiry OR suppliers","""Function Rooms &amp; Event Venues | Pier One Sydney Harbour"" Australia contact form OR enquiry OR suppliers","""Function Rooms &amp; Event Venues | Pier One Sydney Harbour"" Australia owner OR founder OR director OR operations OR procurement OR ""food and beverage""","site:pieronesydneyharbour.com.au team OR people OR leadership OR director OR founder","site:linkedin.com/in ""Function Rooms &amp; Event Venues | Pier One Sydney Harbour"" Australia director OR operations OR procurement","https://www.pieronesydneyharbour.com.au/events"
"48","65","missing_form; missing_kp","Restaurant/Hotel Final Customer","AU-0313","Function Venue Melbourne CBD | Event Space &amp; Venue Hire","Final Customer","","https://thegeorgeoncollins.com.au","","","","Search owner/founder/director/operations/F&B/procurement KP evidence.","""Function Venue Melbourne CBD | Event Space &amp; Venue Hire"" Australia official contact","site:thegeorgeoncollins.com.au contact OR enquiry OR suppliers","""Function Venue Melbourne CBD | Event Space &amp; Venue Hire"" Australia contact form OR enquiry OR suppliers","""Function Venue Melbourne CBD | Event Space &amp; Venue Hire"" Australia owner OR founder OR director OR operations OR procurement OR ""food and beverage""","site:thegeorgeoncollins.com.au team OR people OR leadership OR director OR founder","site:linkedin.com/in ""Function Venue Melbourne CBD | Event Space &amp; Venue Hire"" Australia director OR operations OR procurement","https://www.thegeorgeoncollins.com.au/functions-venue-melbourne"
"49","65","missing_form; missing_kp","Restaurant/Hotel Final Customer","AU-0253","Georges on Waymouth | Mediterranean Restaurant Adelaide","Final Customer","","https://georgesonwaymouth.com.au","","","","Search owner/founder/director/operations/F&B/procurement KP evidence.","""Georges on Waymouth | Mediterranean Restaurant Adelaide"" Australia official contact","site:georgesonwaymouth.com.au contact OR enquiry OR suppliers","""Georges on Waymouth | Mediterranean Restaurant Adelaide"" Australia contact form OR enquiry OR suppliers","""Georges on Waymouth | Mediterranean Restaurant Adelaide"" Australia owner OR founder OR director OR operations OR procurement OR ""food and beverage""","site:georgesonwaymouth.com.au team OR people OR leadership OR director OR founder","site:linkedin.com/in ""Georges on Waymouth | Mediterranean Restaurant Adelaide"" Australia director OR operations OR procurement","https://georgesonwaymouth.com.au"
"50","65","missing_kp_direct","Restaurant/Hotel Final Customer","LEAD-0142","Grossi Hospitality","酒店餐饮集团/餐厅集团","Melbourne","https://www.grossi.com.au/","已识别关键人","公司邮箱","中","Search direct KP email, phone, or public personal profile; keep confidence notes.","""Grossi Hospitality"" Australia official contact","site:grossi.com.au contact OR enquiry OR suppliers","""Grossi Hospitality"" Australia contact form OR enquiry OR suppliers","""Grossi Hospitality"" Australia owner OR founder OR director OR operations OR procurement OR ""food and beverage""","site:grossi.com.au team OR people OR leadership OR director OR founder","site:linkedin.com/in ""Grossi Hospitality"" Australia director OR operations OR procurement","https://www.grossi.com.au/contact"
"51","65","missing_form; missing_kp","Restaurant/Hotel Final Customer","AU-0335","HOME - The Venue Alexandria","Final Customer","","https://thevenuealexandria.com.au","","","","Search owner/founder/director/operations/F&B/procurement KP evidence.","""HOME - The Venue Alexandria"" Australia official contact","site:thevenuealexandria.com.au contact OR enquiry OR suppliers","""HOME - The Venue Alexandria"" Australia contact form OR enquiry OR suppliers","""HOME - The Venue Alexandria"" Australia owner OR founder OR director OR operations OR procurement OR ""food and beverage""","site:thevenuealexandria.com.au team OR people OR leadership OR director OR founder","site:linkedin.com/in ""HOME - The Venue Alexandria"" Australia director OR operations OR procurement","https://thevenuealexandria.com.au"
"52","65","missing_kp_direct","Restaurant/Hotel Final Customer","AU-0210","Hurley Hotel Group","Final Customer","","https://hurleyhotelgroup.com.au","","","","Search direct KP email, phone, or public personal profile; keep confidence notes.","""Hurley Hotel Group"" Australia official contact","site:hurleyhotelgroup.com.au contact OR enquiry OR suppliers","""Hurley Hotel Group"" Australia contact form OR enquiry OR suppliers","""Hurley Hotel Group"" Australia owner OR founder OR director OR operations OR procurement OR ""food and beverage""","site:hurleyhotelgroup.com.au team OR people OR leadership OR director OR founder","site:linkedin.com/in ""Hurley Hotel Group"" Australia director OR operations OR procurement",""
"53","65","missing_form; missing_kp","Restaurant/Hotel Final Customer","AU-0258","La Vie Hospitality Group – The Life and Soul of Hospitality.","Final Customer","","https://laviehospitalitygroup.com","","","","Search owner/founder/director/operations/F&B/procurement KP evidence.","""La Vie Hospitality Group – The Life and Soul of Hospitality."" Australia official contact","site:laviehospitalitygroup.com contact OR enquiry OR suppliers","""La Vie Hospitality Group – The Life and Soul of Hospitality."" Australia contact form OR enquiry OR suppliers","""La Vie Hospitality Group – The Life and Soul of Hospitality."" Australia owner OR founder OR director OR operations OR procurement OR ""food and beverage""","site:laviehospitalitygroup.com team OR people OR leadership OR director OR founder","site:linkedin.com/in ""La Vie Hospitality Group – The Life and Soul of Hospitality."" Australia director OR operations OR procurement","https://www.laviehospitalitygroup.com"
"54","65","missing_form; missing_kp","Restaurant/Hotel Final Customer","AU-0282","Laundy Hotels | Award-Winning Hospitality Group","Final Customer","","https://laundy.com.au","","","","Search owner/founder/director/operations/F&B/procurement KP evidence.","""Laundy Hotels | Award-Winning Hospitality Group"" Australia official contact","site:laundy.com.au contact OR enquiry OR suppliers","""Laundy Hotels | Award-Winning Hospitality Group"" Australia contact form OR enquiry OR suppliers","""Laundy Hotels | Award-Winning Hospitality Group"" Australia owner OR founder OR director OR operations OR procurement OR ""food and beverage""","site:laundy.com.au team OR people OR leadership OR director OR founder","site:linkedin.com/in ""Laundy Hotels | Award-Winning Hospitality Group"" Australia director OR operations OR procurement","https://laundy.com.au"
"55","65","missing_form; missing_kp","Restaurant/Hotel Final Customer","LEAD-0199","Lavacoffee","Final Customer","","https://lavacoffee.com.au","","","","Search owner/founder/director/operations/F&B/procurement KP evidence.","""Lavacoffee"" Australia official contact","site:lavacoffee.com.au contact OR enquiry OR suppliers","""Lavacoffee"" Australia contact form OR enquiry OR suppliers","""Lavacoffee"" Australia owner OR founder OR director OR operations OR procurement OR ""food and beverage""","site:lavacoffee.com.au team OR people OR leadership OR director OR founder","site:linkedin.com/in ""Lavacoffee"" Australia director OR operations OR procurement","https://lavacoffee.com.au"
"56","65","missing_form; missing_kp","Restaurant/Hotel Final Customer","AU-0276","Marlow Hotel Group","Final Customer","","https://marlowhotelgroup.com.au","","","","Search owner/founder/director/operations/F&B/procurement KP evidence.","""Marlow Hotel Group"" Australia official contact","site:marlowhotelgroup.com.au contact OR enquiry OR suppliers","""Marlow Hotel Group"" Australia contact form OR enquiry OR suppliers","""Marlow Hotel Group"" Australia owner OR founder OR director OR operations OR procurement OR ""food and beverage""","site:marlowhotelgroup.com.au team OR people OR leadership OR director OR founder","site:linkedin.com/in ""Marlow Hotel Group"" Australia director OR operations OR procurement","https://www.marlowhotelgroup.com.au"
"57","65","missing_form; missing_kp","Restaurant/Hotel Final Customer","AU-0331","Melbourne Catering Co","Final Customer","","https://melbournecateringco.com.au","","","","Search owner/founder/director/operations/F&B/procurement KP evidence.","""Melbourne Catering Co"" Australia official contact","site:melbournecateringco.com.au contact OR enquiry OR suppliers","""Melbourne Catering Co"" Australia contact form OR enquiry OR suppliers","""Melbourne Catering Co"" Australia owner OR founder OR director OR operations OR procurement OR ""food and beverage""","site:melbournecateringco.com.au team OR people OR leadership OR director OR founder","site:linkedin.com/in ""Melbourne Catering Co"" Australia director OR operations OR procurement","https://www.melbournecateringco.com.au"
"58","65","missing_form; missing_kp","Restaurant/Hotel Final Customer","AU-0328","Melbourne Catering | Devour It Catering","Final Customer","","https://devouritcatering.com.au","","","","Search owner/founder/director/operations/F&B/procurement KP evidence.","""Melbourne Catering | Devour It Catering"" Australia official contact","site:devouritcatering.com.au contact OR enquiry OR suppliers","""Melbourne Catering | Devour It Catering"" Australia contact form OR enquiry OR suppliers","""Melbourne Catering | Devour It Catering"" Australia owner OR founder OR director OR operations OR procurement OR ""food and beverage""","site:devouritcatering.com.au team OR people OR leadership OR director OR founder","site:linkedin.com/in ""Melbourne Catering | Devour It Catering"" Australia director OR operations OR procurement","https://devouritcatering.com.au"
"59","65","missing_form; missing_kp","Restaurant/Hotel Final Customer","AU-0270","Oaks Hotels, Resorts &amp; Suites","Final Customer","","https://oakshotels.com","","","","Search owner/founder/director/operations/F&B/procurement KP evidence.","""Oaks Hotels, Resorts &amp; Suites"" Australia official contact","site:oakshotels.com contact OR enquiry OR suppliers","""Oaks Hotels, Resorts &amp; Suites"" Australia contact form OR enquiry OR suppliers","""Oaks Hotels, Resorts &amp; Suites"" Australia owner OR founder OR director OR operations OR procurement OR ""food and beverage""","site:oakshotels.com team OR people OR leadership OR director OR founder","site:linkedin.com/in ""Oaks Hotels, Resorts &amp; Suites"" Australia director OR operations OR procurement","https://www.oakshotels.com/en/contact-oaks-hotels"
"60","65","missing_form; missing_kp","Restaurant/Hotel Final Customer","AU-0274","OUR PEOPLE","Final Customer","","https://welcomehospitality.com.au","","","","Search owner/founder/director/operations/F&B/procurement KP evidence.","""OUR PEOPLE"" Australia official contact","site:welcomehospitality.com.au contact OR enquiry OR suppliers","""OUR PEOPLE"" Australia contact form OR enquiry OR suppliers","""OUR PEOPLE"" Australia owner OR founder OR director OR operations OR procurement OR ""food and beverage""","site:welcomehospitality.com.au team OR people OR leadership OR director OR founder","site:linkedin.com/in ""OUR PEOPLE"" Australia director OR operations OR procurement","https://www.welcomehospitality.com.au/our-people"
"61","65","missing_form; missing_kp","Restaurant/Hotel Final Customer","LEAD-0200","Parkergroup","Final Customer","","https://www.parkergroup.au","","","","Search owner/founder/director/operations/F&B/procurement KP evidence.","""Parkergroup"" Australia official contact","site:parkergroup.au contact OR enquiry OR suppliers","""Parkergroup"" Australia contact form OR enquiry OR suppliers","""Parkergroup"" Australia owner OR founder OR director OR operations OR procurement OR ""food and beverage""","site:parkergroup.au team OR people OR leadership OR director OR founder","site:linkedin.com/in ""Parkergroup"" Australia director OR operations OR procurement","https://www.parkergroup.au/contact"
"62","65","missing_form; missing_kp","Restaurant/Hotel Final Customer","AU-0312","Private Event Venue in Melbourne | The Stone Hotel Fitzroy","Final Customer","","https://thestonehotel.com.au","","","","Search owner/founder/director/operations/F&B/procurement KP evidence.","""Private Event Venue in Melbourne | The Stone Hotel Fitzroy"" Australia official contact","site:thestonehotel.com.au contact OR enquiry OR suppliers","""Private Event Venue in Melbourne | The Stone Hotel Fitzroy"" Australia contact form OR enquiry OR suppliers","""Private Event Venue in Melbourne | The Stone Hotel Fitzroy"" Australia owner OR founder OR director OR operations OR procurement OR ""food and beverage""","site:thestonehotel.com.au team OR people OR leadership OR director OR founder","site:linkedin.com/in ""Private Event Venue in Melbourne | The Stone Hotel Fitzroy"" Australia director OR operations OR procurement","https://thestonehotel.com.au/functions-events/private"
"63","65","missing_form; missing_kp","Restaurant/Hotel Final Customer","AU-0287","PubCo Group","Final Customer","","https://pubcogroup.com.au","","","","Search owner/founder/director/operations/F&B/procurement KP evidence.","""PubCo Group"" Australia official contact","site:pubcogroup.com.au contact OR enquiry OR suppliers","""PubCo Group"" Australia contact form OR enquiry OR suppliers","""PubCo Group"" Australia owner OR founder OR director OR operations OR procurement OR ""food and beverage""","site:pubcogroup.com.au team OR people OR leadership OR director OR founder","site:linkedin.com/in ""PubCo Group"" Australia director OR operations OR procurement","http://www.pubcogroup.com.au"
"64","65","missing_form; missing_kp","Restaurant/Hotel Final Customer","AU-0278","Reilly Group","Final Customer","","https://reillygroup.com.au","","","","Search owner/founder/director/operations/F&B/procurement KP evidence.","""Reilly Group"" Australia official contact","site:reillygroup.com.au contact OR enquiry OR suppliers","""Reilly Group"" Australia contact form OR enquiry OR suppliers","""Reilly Group"" Australia owner OR founder OR director OR operations OR procurement OR ""food and beverage""","site:reillygroup.com.au team OR people OR leadership OR director OR founder","site:linkedin.com/in ""Reilly Group"" Australia director OR operations OR procurement","https://www.reillygroup.com.au/about"
"65","65","missing_form; missing_kp","Restaurant/Hotel Final Customer","AU-0429","Restaurant &amp; Wine Bar - Visit The Winery, Surry Hills NSW","Final Customer","","https://thewinerysurryhills.com.au","","","","Search owner/founder/director/operations/F&B/procurement KP evidence.","""Restaurant &amp; Wine Bar - Visit The Winery, Surry Hills NSW"" Australia official contact","site:thewinerysurryhills.com.au contact OR enquiry OR suppliers","""Restaurant &amp; Wine Bar - Visit The Winery, Surry Hills NSW"" Australia contact form OR enquiry OR suppliers","""Restaurant &amp; Wine Bar - Visit The Winery, Surry Hills NSW"" Australia owner OR founder OR director OR operations OR procurement OR ""food and beverage""","site:thewinerysurryhills.com.au team OR people OR leadership OR director OR founder","site:linkedin.com/in ""Restaurant &amp; Wine Bar - Visit The Winery, Surry Hills NSW"" Australia director OR operations OR procurement","https://thewinerysurryhills.com.au"
"66","65","missing_kp_direct","Restaurant/Hotel Final Customer","AU-0204","Reward Hospitality","Final Customer","","https://rewardhospitality.com.au","","","","Search direct KP email, phone, or public personal profile; keep confidence notes.","""Reward Hospitality"" Australia official contact","site:rewardhospitality.com.au contact OR enquiry OR suppliers","""Reward Hospitality"" Australia contact form OR enquiry OR suppliers","""Reward Hospitality"" Australia owner OR founder OR director OR operations OR procurement OR ""food and beverage""","site:rewardhospitality.com.au team OR people OR leadership OR director OR founder","site:linkedin.com/in ""Reward Hospitality"" Australia director OR operations OR procurement",""
"67","65","missing_form; missing_kp","Restaurant/Hotel Final Customer","AU-0284","RMH Functions | Melbourne Venue","Final Customer","","https://rmh.com.au","","","","Search owner/founder/director/operations/F&B/procurement KP evidence.","""RMH Functions | Melbourne Venue"" Australia official contact","site:rmh.com.au contact OR enquiry OR suppliers","""RMH Functions | Melbourne Venue"" Australia contact form OR enquiry OR suppliers","""RMH Functions | Melbourne Venue"" Australia owner OR founder OR director OR operations OR procurement OR ""food and beverage""","site:rmh.com.au team OR people OR leadership OR director OR founder","site:linkedin.com/in ""RMH Functions | Melbourne Venue"" Australia director OR operations OR procurement","https://www.rmh.com.au/functions"
"68","65","missing_form; missing_kp","Restaurant/Hotel Final Customer","AU-0347","Sand Hill Road","Final Customer","","https://sandhillroad.com.au","","","","Search owner/founder/director/operations/F&B/procurement KP evidence.","""Sand Hill Road"" Australia official contact","site:sandhillroad.com.au contact OR enquiry OR suppliers","""Sand Hill Road"" Australia contact form OR enquiry OR suppliers","""Sand Hill Road"" Australia owner OR founder OR director OR operations OR procurement OR ""food and beverage""","site:sandhillroad.com.au team OR people OR leadership OR director OR founder","site:linkedin.com/in ""Sand Hill Road"" Australia director OR operations OR procurement","https://www.sandhillroad.com.au"
"69","65","missing_form; missing_kp","Restaurant/Hotel Final Customer","AU-0355","Senior management - Crown Resorts","Final Customer","","https://crownresorts.com.au","","","","Search owner/founder/director/operations/F&B/procurement KP evidence.","""Senior management - Crown Resorts"" Australia official contact","site:crownresorts.com.au contact OR enquiry OR suppliers","""Senior management - Crown Resorts"" Australia contact form OR enquiry OR suppliers","""Senior management - Crown Resorts"" Australia owner OR founder OR director OR operations OR procurement OR ""food and beverage""","site:crownresorts.com.au team OR people OR leadership OR director OR founder","site:linkedin.com/in ""Senior management - Crown Resorts"" Australia director OR operations OR procurement","https://www.crownresorts.com.au/about-us/senior-management"
"70","65","missing_form; missing_kp","Restaurant/Hotel Final Customer","AU-0314","Serenity Venue","Final Customer","","https://serenityvenue.com","","","","Search owner/founder/director/operations/F&B/procurement KP evidence.","""Serenity Venue"" Australia official contact","site:serenityvenue.com contact OR enquiry OR suppliers","""Serenity Venue"" Australia contact form OR enquiry OR suppliers","""Serenity Venue"" Australia owner OR founder OR director OR operations OR procurement OR ""food and beverage""","site:serenityvenue.com team OR people OR leadership OR director OR founder","site:linkedin.com/in ""Serenity Venue"" Australia director OR operations OR procurement","https://serenityvenue.com"
"71","65","missing_form; missing_kp","Restaurant/Hotel Final Customer","AU-0327","Social Catering Co • Melbourne's Catering Company","Final Customer","","https://socialcateringco.com.au","","","","Search owner/founder/director/operations/F&B/procurement KP evidence.","""Social Catering Co • Melbourne's Catering Company"" Australia official contact","site:socialcateringco.com.au contact OR enquiry OR suppliers","""Social Catering Co • Melbourne's Catering Company"" Australia contact form OR enquiry OR suppliers","""Social Catering Co • Melbourne's Catering Company"" Australia owner OR founder OR director OR operations OR procurement OR ""food and beverage""","site:socialcateringco.com.au team OR people OR leadership OR director OR founder","site:linkedin.com/in ""Social Catering Co • Melbourne's Catering Company"" Australia director OR operations OR procurement","https://www.socialcateringco.com.au"
"72","65","missing_form; missing_kp","Restaurant/Hotel Final Customer","AU-0445","Southern Cross Motel Group - Regional Accommodation","Final Customer","","https://southerncrossmotelgroup.com.au","","","","Search owner/founder/director/operations/F&B/procurement KP evidence.","""Southern Cross Motel Group - Regional Accommodation"" Australia official contact","site:southerncrossmotelgroup.com.au contact OR enquiry OR suppliers","""Southern Cross Motel Group - Regional Accommodation"" Australia contact form OR enquiry OR suppliers","""Southern Cross Motel Group - Regional Accommodation"" Australia owner OR founder OR director OR operations OR procurement OR ""food and beverage""","site:southerncrossmotelgroup.com.au team OR people OR leadership OR director OR founder","site:linkedin.com/in ""Southern Cross Motel Group - Regional Accommodation"" Australia director OR operations OR procurement","https://southerncrossmotelgroup.com.au"
"73","65","missing_form; missing_kp","Restaurant/Hotel Final Customer","AU-0357","Staff Stories in Island Paradise, Whitsundays | Hamilton Island","Final Customer","","https://hamiltonisland.com.au","","","","Search owner/founder/director/operations/F&B/procurement KP evidence.","""Staff Stories in Island Paradise, Whitsundays | Hamilton Island"" Australia official contact","site:hamiltonisland.com.au contact OR enquiry OR suppliers","""Staff Stories in Island Paradise, Whitsundays | Hamilton Island"" Australia contact form OR enquiry OR suppliers","""Staff Stories in Island Paradise, Whitsundays | Hamilton Island"" Australia owner OR founder OR director OR operations OR procurement OR ""food and beverage""","site:hamiltonisland.com.au team OR people OR leadership OR director OR founder","site:linkedin.com/in ""Staff Stories in Island Paradise, Whitsundays | Hamilton Island"" Australia director OR operations OR procurement","https://www.hamiltonisland.com.au/careers/hamilton-island-executive-team"
"74","65","missing_kp_direct","Restaurant/Hotel Final Customer","LEAD-0164","Taverners Group","餐厅集团","Melbourne","https://www.tavernersgroup.com/","仅公司级联系","联系表单","中","Search direct KP email, phone, or public personal profile; keep confidence notes.","""Taverners Group"" Australia official contact","site:tavernersgroup.com contact OR enquiry OR suppliers","""Taverners Group"" Australia contact form OR enquiry OR suppliers","""Taverners Group"" Australia owner OR founder OR director OR operations OR procurement OR ""food and beverage""","site:tavernersgroup.com team OR people OR leadership OR director OR founder","site:linkedin.com/in ""Taverners Group"" Australia director OR operations OR procurement","https://www.tavernersgroup.com/contact-us"
"75","65","missing_form; missing_kp","Restaurant/Hotel Final Customer","AU-0200","Tenfold Hospitality Group","Final Customer","","https://tenfoldhospitality.com.au","","","","Search owner/founder/director/operations/F&B/procurement KP evidence.","""Tenfold Hospitality Group"" Australia official contact","site:tenfoldhospitality.com.au contact OR enquiry OR suppliers","""Tenfold Hospitality Group"" Australia contact form OR enquiry OR suppliers","""Tenfold Hospitality Group"" Australia owner OR founder OR director OR operations OR procurement OR ""food and beverage""","site:tenfoldhospitality.com.au team OR people OR leadership OR director OR founder","site:linkedin.com/in ""Tenfold Hospitality Group"" Australia director OR operations OR procurement",""
"76","65","missing_form; missing_kp","Restaurant/Hotel Final Customer","AU-0339","The Hotel Network - Procurement Managers","Final Customer","","https://hotelnetwork.com.au","","","","Search owner/founder/director/operations/F&B/procurement KP evidence.","""The Hotel Network - Procurement Managers"" Australia official contact","site:hotelnetwork.com.au contact OR enquiry OR suppliers","""The Hotel Network - Procurement Managers"" Australia contact form OR enquiry OR suppliers","""The Hotel Network - Procurement Managers"" Australia owner OR founder OR director OR operations OR procurement OR ""food and beverage""","site:hotelnetwork.com.au team OR people OR leadership OR director OR founder","site:linkedin.com/in ""The Hotel Network - Procurement Managers"" Australia director OR operations OR procurement","https://www.hotelnetwork.com.au/customers/procurement-managers"
"77","65","missing_form; missing_kp","Restaurant/Hotel Final Customer","AU-0217","The Lane Vineyard","Final Customer","","https://thelane.com.au","","","","Search owner/founder/director/operations/F&B/procurement KP evidence.","""The Lane Vineyard"" Australia official contact","site:thelane.com.au contact OR enquiry OR suppliers","""The Lane Vineyard"" Australia contact form OR enquiry OR suppliers","""The Lane Vineyard"" Australia owner OR founder OR director OR operations OR procurement OR ""food and beverage""","site:thelane.com.au team OR people OR leadership OR director OR founder","site:linkedin.com/in ""The Lane Vineyard"" Australia director OR operations OR procurement",""
"78","65","missing_form; missing_kp","Restaurant/Hotel Final Customer","AU-0279","The Pub Group","Final Customer","","https://thepubgroup.com.au","","","","Search owner/founder/director/operations/F&B/procurement KP evidence.","""The Pub Group"" Australia official contact","site:thepubgroup.com.au contact OR enquiry OR suppliers","""The Pub Group"" Australia contact form OR enquiry OR suppliers","""The Pub Group"" Australia owner OR founder OR director OR operations OR procurement OR ""food and beverage""","site:thepubgroup.com.au team OR people OR leadership OR director OR founder","site:linkedin.com/in ""The Pub Group"" Australia director OR operations OR procurement","https://www.thepubgroup.com.au/contact"
"79","65","missing_form; missing_kp","Restaurant/Hotel Final Customer","AU-0198","Tony Kelly Restaurant Group","Final Customer","","https://tkrg.com.au","","","","Search owner/founder/director/operations/F&B/procurement KP evidence.","""Tony Kelly Restaurant Group"" Australia official contact","site:tkrg.com.au contact OR enquiry OR suppliers","""Tony Kelly Restaurant Group"" Australia contact form OR enquiry OR suppliers","""Tony Kelly Restaurant Group"" Australia owner OR founder OR director OR operations OR procurement OR ""food and beverage""","site:tkrg.com.au team OR people OR leadership OR director OR founder","site:linkedin.com/in ""Tony Kelly Restaurant Group"" Australia director OR operations OR procurement",""
"80","65","missing_form; missing_kp","Restaurant/Hotel Final Customer","AU-0448","Triguboff, followed by Salter Brothers as no.1 hotel owners","Final Customer","","https://salterbrothers.com.au","","","","Search owner/founder/director/operations/F&B/procurement KP evidence.","""Triguboff, followed by Salter Brothers as no.1 hotel owners"" Australia official contact","site:salterbrothers.com.au contact OR enquiry OR suppliers","""Triguboff, followed by Salter Brothers as no.1 hotel owners"" Australia contact form OR enquiry OR suppliers","""Triguboff, followed by Salter Brothers as no.1 hotel owners"" Australia owner OR founder OR director OR operations OR procurement OR ""food and beverage""","site:salterbrothers.com.au team OR people OR leadership OR director OR founder","site:linkedin.com/in ""Triguboff, followed by Salter Brothers as no.1 hotel owners"" Australia director OR operations OR procurement","https://salterbrothers.com.au/harry-triguboff-australias-no-1-hotel-owner-followed-by-melbournes-salter-brothers"
"81","65","missing_form; missing_kp","Restaurant/Hotel Final Customer","AU-0272","Trilogy Hotels | Independent Hotel Management Company","Final Customer","","https://trilogyhotels.com.au","","","","Search owner/founder/director/operations/F&B/procurement KP evidence.","""Trilogy Hotels | Independent Hotel Management Company"" Australia official contact","site:trilogyhotels.com.au contact OR enquiry OR suppliers","""Trilogy Hotels | Independent Hotel Management Company"" Australia contact form OR enquiry OR suppliers","""Trilogy Hotels | Independent Hotel Management Company"" Australia owner OR founder OR director OR operations OR procurement OR ""food and beverage""","site:trilogyhotels.com.au team OR people OR leadership OR director OR founder","site:linkedin.com/in ""Trilogy Hotels | Independent Hotel Management Company"" Australia director OR operations OR procurement","https://trilogyhotels.com.au"
"82","65","missing_form; missing_kp","Restaurant/Hotel Final Customer","AU-0345","Trippas White Group | Iconic Experiences","Final Customer","","https://trippaswhitegroup.com.au","","","","Search owner/founder/director/operations/F&B/procurement KP evidence.","""Trippas White Group | Iconic Experiences"" Australia official contact","site:trippaswhitegroup.com.au contact OR enquiry OR suppliers","""Trippas White Group | Iconic Experiences"" Australia contact form OR enquiry OR suppliers","""Trippas White Group | Iconic Experiences"" Australia owner OR founder OR director OR operations OR procurement OR ""food and beverage""","site:trippaswhitegroup.com.au team OR people OR leadership OR director OR founder","site:linkedin.com/in ""Trippas White Group | Iconic Experiences"" Australia director OR operations OR procurement","https://www.trippaswhitegroup.com.au"
"83","65","missing_form; missing_kp","Restaurant/Hotel Final Customer","AU-0285","Venue | Legends Pub &amp; Bistro in Moonee Ponds | Legends","Final Customer","","https://mvlegends.com.au","","","","Search owner/founder/director/operations/F&B/procurement KP evidence.","""Venue | Legends Pub &amp; Bistro in Moonee Ponds | Legends"" Australia official contact","site:mvlegends.com.au contact OR enquiry OR suppliers","""Venue | Legends Pub &amp; Bistro in Moonee Ponds | Legends"" Australia contact form OR enquiry OR suppliers","""Venue | Legends Pub &amp; Bistro in Moonee Ponds | Legends"" Australia owner OR founder OR director OR operations OR procurement OR ""food and beverage""","site:mvlegends.com.au team OR people OR leadership OR director OR founder","site:linkedin.com/in ""Venue | Legends Pub &amp; Bistro in Moonee Ponds | Legends"" Australia director OR operations OR procurement","https://www.mvlegends.com.au/venue"
"84","65","missing_form; missing_kp","Restaurant/Hotel Final Customer","AU-0302","Venues &amp; Events | QT Sydney | Sydney Venues &amp; Events","Final Customer","","https://qthotels.com","","","","Search owner/founder/director/operations/F&B/procurement KP evidence.","""Venues &amp; Events | QT Sydney | Sydney Venues &amp; Events"" Australia official contact","site:qthotels.com contact OR enquiry OR suppliers","""Venues &amp; Events | QT Sydney | Sydney Venues &amp; Events"" Australia contact form OR enquiry OR suppliers","""Venues &amp; Events | QT Sydney | Sydney Venues &amp; Events"" Australia owner OR founder OR director OR operations OR procurement OR ""food and beverage""","site:qthotels.com team OR people OR leadership OR director OR founder","site:linkedin.com/in ""Venues &amp; Events | QT Sydney | Sydney Venues &amp; Events"" Australia director OR operations OR procurement","https://www.qthotels.com/sydney-cbd/venues-events"
"85","65","missing_form; missing_kp","Restaurant/Hotel Final Customer","AU-0320","White Top - Premium Event Professionals","Final Customer","","https://whitetop.au","","","","Search owner/founder/director/operations/F&B/procurement KP evidence.","""White Top - Premium Event Professionals"" Australia official contact","site:whitetop.au contact OR enquiry OR suppliers","""White Top - Premium Event Professionals"" Australia contact form OR enquiry OR suppliers","""White Top - Premium Event Professionals"" Australia owner OR founder OR director OR operations OR procurement OR ""food and beverage""","site:whitetop.au team OR people OR leadership OR director OR founder","site:linkedin.com/in ""White Top - Premium Event Professionals"" Australia director OR operations OR procurement","https://www.whitetop.au"
"86","65","missing_form; missing_kp","Restaurant/Hotel Final Customer","LEAD-0198","Wshorthospitality","Final Customer","","https://www.wshorthospitality.com.au","","","","Search owner/founder/director/operations/F&B/procurement KP evidence.","""Wshorthospitality"" Australia official contact","site:wshorthospitality.com.au contact OR enquiry OR suppliers","""Wshorthospitality"" Australia contact form OR enquiry OR suppliers","""Wshorthospitality"" Australia owner OR founder OR director OR operations OR procurement OR ""food and beverage""","site:wshorthospitality.com.au team OR people OR leadership OR director OR founder","site:linkedin.com/in ""Wshorthospitality"" Australia director OR operations OR procurement","https://www.wshorthospitality.com.au/contact-us"
"87","65","missing_form; missing_kp","Restaurant/Hotel Final Customer","AU-0268","Yarra Hotel Group | Hotel Developers | Melbourne","Final Customer","","https://yarrahotelgroup.com.au","","","","Search owner/founder/director/operations/F&B/procurement KP evidence.","""Yarra Hotel Group | Hotel Developers | Melbourne"" Australia official contact","site:yarrahotelgroup.com.au contact OR enquiry OR suppliers","""Yarra Hotel Group | Hotel Developers | Melbourne"" Australia contact form OR enquiry OR suppliers","""Yarra Hotel Group | Hotel Developers | Melbourne"" Australia owner OR founder OR director OR operations OR procurement OR ""food and beverage""","site:yarrahotelgroup.com.au team OR people OR leadership OR director OR founder","site:linkedin.com/in ""Yarra Hotel Group | Hotel Developers | Melbourne"" Australia director OR operations OR procurement","https://yarrahotelgroup.com.au"
"88","65","missing_form; missing_kp","Restaurant/Hotel Final Customer","AU-0409","Zambrero Franchise | Australia's Feel Good Mexican Food Franchise","Final Customer","","https://zambrero.com.au","","","","Search owner/founder/director/operations/F&B/procurement KP evidence.","""Zambrero Franchise | Australia's Feel Good Mexican Food Franchise"" Australia official contact","site:zambrero.com.au contact OR enquiry OR suppliers","""Zambrero Franchise | Australia's Feel Good Mexican Food Franchise"" Australia contact form OR enquiry OR suppliers","""Zambrero Franchise | Australia's Feel Good Mexican Food Franchise"" Australia owner OR founder OR director OR operations OR procurement OR ""food and beverage""","site:zambrero.com.au team OR people OR leadership OR director OR founder","site:linkedin.com/in ""Zambrero Franchise | Australia's Feel Good Mexican Food Franchise"" Australia director OR operations OR procurement","https://www.zambrero.com.au/franchise"
"89","60","missing_company_contact; missing_form; missing_kp","Restaurant/Hotel Final Customer","AU-0446","Australian Motel Group - Connecting Motels in CQ and Outback","Final Customer","","https://australianmotelgroup.com.au","","","","Find official company contact page, email, phone, or form first.","""Australian Motel Group - Connecting Motels in CQ and Outback"" Australia official contact","site:australianmotelgroup.com.au contact OR enquiry OR suppliers","""Australian Motel Group - Connecting Motels in CQ and Outback"" Australia contact form OR enquiry OR suppliers","""Australian Motel Group - Connecting Motels in CQ and Outback"" Australia owner OR founder OR director OR operations OR procurement OR ""food and beverage""","site:australianmotelgroup.com.au team OR people OR leadership OR director OR founder","site:linkedin.com/in ""Australian Motel Group - Connecting Motels in CQ and Outback"" Australia director OR operations OR procurement","http://australianmotelgroup.com.au"
"90","60","missing_company_contact; missing_form; missing_kp","Restaurant/Hotel Final Customer","AU-0289","Australia’s Trusted Corporate &amp; Event Caterers | Australian Catering Company","Final Customer","","https://australiancateringcompany.com.au","","","","Find official company contact page, email, phone, or form first.","""Australia’s Trusted Corporate &amp; Event Caterers | Australian Catering Company"" Australia official contact","site:australiancateringcompany.com.au contact OR enquiry OR suppliers","""Australia’s Trusted Corporate &amp; Event Caterers | Australian Catering Company"" Australia contact form OR enquiry OR suppliers","""Australia’s Trusted Corporate &amp; Event Caterers | Australian Catering Company"" Australia owner OR founder OR director OR operations OR procurement OR ""food and beverage""","site:australiancateringcompany.com.au team OR people OR leadership OR director OR founder","site:linkedin.com/in ""Australia’s Trusted Corporate &amp; Event Caterers | Australian Catering Company"" Australia director OR operations OR procurement","https://australiancateringcompany.com.au"
"91","60","missing_company_contact; missing_form; missing_kp","Restaurant/Hotel Final Customer","AU-0280","GM Hotels Group | Australia","Final Customer","","https://gmhotels.com.au","","","","Find official company contact page, email, phone, or form first.","""GM Hotels Group | Australia"" Australia official contact","site:gmhotels.com.au contact OR enquiry OR suppliers","""GM Hotels Group | Australia"" Australia contact form OR enquiry OR suppliers","""GM Hotels Group | Australia"" Australia owner OR founder OR director OR operations OR procurement OR ""food and beverage""","site:gmhotels.com.au team OR people OR leadership OR director OR founder","site:linkedin.com/in ""GM Hotels Group | Australia"" Australia director OR operations OR procurement","https://www.gmhotels.com.au"
"92","60","missing_company_contact; missing_form; missing_kp","Restaurant/Hotel Final Customer","AU-0321","Good food for good folk | Food Folk Australia","Final Customer","","https://foodfolk.com.au","","","","Find official company contact page, email, phone, or form first.","""Good food for good folk | Food Folk Australia"" Australia official contact","site:foodfolk.com.au contact OR enquiry OR suppliers","""Good food for good folk | Food Folk Australia"" Australia contact form OR enquiry OR suppliers","""Good food for good folk | Food Folk Australia"" Australia owner OR founder OR director OR operations OR procurement OR ""food and beverage""","site:foodfolk.com.au team OR people OR leadership OR director OR founder","site:linkedin.com/in ""Good food for good folk | Food Folk Australia"" Australia director OR operations OR procurement","https://www.foodfolk.com.au"
"93","60","missing_company_contact; missing_form; missing_kp","Restaurant/Hotel Final Customer","AU-0427","Restaurant — Mimosa Wines","Final Customer","","https://mimosawines.com.au","","","","Find official company contact page, email, phone, or form first.","""Restaurant — Mimosa Wines"" Australia official contact","site:mimosawines.com.au contact OR enquiry OR suppliers","""Restaurant — Mimosa Wines"" Australia contact form OR enquiry OR suppliers","""Restaurant — Mimosa Wines"" Australia owner OR founder OR director OR operations OR procurement OR ""food and beverage""","site:mimosawines.com.au team OR people OR leadership OR director OR founder","site:linkedin.com/in ""Restaurant — Mimosa Wines"" Australia director OR operations OR procurement","https://www.mimosawines.com.au/restaurant-pacific-1"
"94","60","missing_company_contact; missing_form; missing_kp","Restaurant/Hotel Final Customer","AU-0201","The Big Easy Group","Final Customer","","https://thebigeasygroup.com","","","","Find official company contact page, email, phone, or form first.","""The Big Easy Group"" Australia official contact","site:thebigeasygroup.com contact OR enquiry OR suppliers","""The Big Easy Group"" Australia contact form OR enquiry OR suppliers","""The Big Easy Group"" Australia owner OR founder OR director OR operations OR procurement OR ""food and beverage""","site:thebigeasygroup.com team OR people OR leadership OR director OR founder","site:linkedin.com/in ""The Big Easy Group"" Australia director OR operations OR procurement",""
"95","60","missing_company_contact; missing_form; missing_kp","Restaurant/Hotel Final Customer","AU-0197","The Mulberry Group","Final Customer","","https://themulberrygroup.com.au","","","","Find official company contact page, email, phone, or form first.","""The Mulberry Group"" Australia official contact","site:themulberrygroup.com.au contact OR enquiry OR suppliers","""The Mulberry Group"" Australia contact form OR enquiry OR suppliers","""The Mulberry Group"" Australia owner OR founder OR director OR operations OR procurement OR ""food and beverage""","site:themulberrygroup.com.au team OR people OR leadership OR director OR founder","site:linkedin.com/in ""The Mulberry Group"" Australia director OR operations OR procurement",""
"96","60","missing_company_contact; missing_form; missing_kp","Restaurant/Hotel Final Customer","AU-0205","The San Telmo Group","Final Customer","","https://thesantelmogroup.com.au","","","","Find official company contact page, email, phone, or form first.","""The San Telmo Group"" Australia official contact","site:thesantelmogroup.com.au contact OR enquiry OR suppliers","""The San Telmo Group"" Australia contact form OR enquiry OR suppliers","""The San Telmo Group"" Australia owner OR founder OR director OR operations OR procurement OR ""food and beverage""","site:thesantelmogroup.com.au team OR people OR leadership OR director OR founder","site:linkedin.com/in ""The San Telmo Group"" Australia director OR operations OR procurement",""
"97","55","missing_kp","Restaurant/Hotel Final Customer","AU-0214","Australian Hotel & Brewery","Final Customer","","https://australianhotelbrewery.com.au","","","","Search owner/founder/director/operations/F&B/procurement KP evidence.","""Australian Hotel & Brewery"" Australia official contact","site:australianhotelbrewery.com.au contact OR enquiry OR suppliers","""Australian Hotel & Brewery"" Australia contact form OR enquiry OR suppliers","""Australian Hotel & Brewery"" Australia owner OR founder OR director OR operations OR procurement OR ""food and beverage""","site:australianhotelbrewery.com.au team OR people OR leadership OR director OR founder","site:linkedin.com/in ""Australian Hotel & Brewery"" Australia director OR operations OR procurement",""
"98","55","missing_kp","Restaurant/Hotel Final Customer","LEAD-0196","Bar83sydneytower","Final Customer","","https://bar83sydneytower.com.au","","","","Search owner/founder/director/operations/F&B/procurement KP evidence.","""Bar83sydneytower"" Australia official contact","site:bar83sydneytower.com.au contact OR enquiry OR suppliers","""Bar83sydneytower"" Australia contact form OR enquiry OR suppliers","""Bar83sydneytower"" Australia owner OR founder OR director OR operations OR procurement OR ""food and beverage""","site:bar83sydneytower.com.au team OR people OR leadership OR director OR founder","site:linkedin.com/in ""Bar83sydneytower"" Australia director OR operations OR procurement","https://bar83sydneytower.com.au/contact"
"99","55","missing_kp","Restaurant/Hotel Final Customer","LEAD-0204","Barbellaccino","Final Customer","","https://www.barbellaccino.com.au/franchising","","","","Search owner/founder/director/operations/F&B/procurement KP evidence.","""Barbellaccino"" Australia official contact","site:barbellaccino.com.au contact OR enquiry OR suppliers","""Barbellaccino"" Australia contact form OR enquiry OR suppliers","""Barbellaccino"" Australia owner OR founder OR director OR operations OR procurement OR ""food and beverage""","site:barbellaccino.com.au team OR people OR leadership OR director OR founder","site:linkedin.com/in ""Barbellaccino"" Australia director OR operations OR procurement","https://www.barbellaccino.com.au/franchising"
"100","55","missing_kp","Restaurant/Hotel Final Customer","AU-0209","Doltone Hospitality Group","Final Customer","","https://doltonehospitalitygroup.com.au","","","","Search owner/founder/director/operations/F&B/procurement KP evidence.","""Doltone Hospitality Group"" Australia official contact","site:doltonehospitalitygroup.com.au contact OR enquiry OR suppliers","""Doltone Hospitality Group"" Australia contact form OR enquiry OR suppliers","""Doltone Hospitality Group"" Australia owner OR founder OR director OR operations OR procurement OR ""food and beverage""","site:doltonehospitalitygroup.com.au team OR people OR leadership OR director OR founder","site:linkedin.com/in ""Doltone Hospitality Group"" Australia director OR operations OR procurement",""
"101","55","missing_kp","Restaurant/Hotel Final Customer","AU-0215","Millbrook Winery","Final Customer","","https://millbrook.wine","","","","Search owner/founder/director/operations/F&B/procurement KP evidence.","""Millbrook Winery"" Australia official contact","site:millbrook.wine contact OR enquiry OR suppliers","""Millbrook Winery"" Australia contact form OR enquiry OR suppliers","""Millbrook Winery"" Australia owner OR founder OR director OR operations OR procurement OR ""food and beverage""","site:millbrook.wine team OR people OR leadership OR director OR founder","site:linkedin.com/in ""Millbrook Winery"" Australia director OR operations OR procurement",""
"102","55","missing_kp","Restaurant/Hotel Final Customer","AU-0199","Persone","Final Customer","","https://persone.com.au","","","","Search owner/founder/director/operations/F&B/procurement KP evidence.","""Persone"" Australia official contact","site:persone.com.au contact OR enquiry OR suppliers","""Persone"" Australia contact form OR enquiry OR suppliers","""Persone"" Australia owner OR founder OR director OR operations OR procurement OR ""food and beverage""","site:persone.com.au team OR people OR leadership OR director OR founder","site:linkedin.com/in ""Persone"" Australia director OR operations OR procurement",""
"103","55","missing_kp","Restaurant/Hotel Final Customer","AU-0216","Riverstone Wines","Final Customer","","https://riverstonewine.com.au","","","","Search owner/founder/director/operations/F&B/procurement KP evidence.","""Riverstone Wines"" Australia official contact","site:riverstonewine.com.au contact OR enquiry OR suppliers","""Riverstone Wines"" Australia contact form OR enquiry OR suppliers","""Riverstone Wines"" Australia owner OR founder OR director OR operations OR procurement OR ""food and beverage""","site:riverstonewine.com.au team OR people OR leadership OR director OR founder","site:linkedin.com/in ""Riverstone Wines"" Australia director OR operations OR procurement",""
"104","55","missing_kp","Restaurant/Hotel Final Customer","AU-0213","Thomas Hotels","Final Customer","","https://thomashotels.com.au","","","","Search owner/founder/director/operations/F&B/procurement KP evidence.","""Thomas Hotels"" Australia official contact","site:thomashotels.com.au contact OR enquiry OR suppliers","""Thomas Hotels"" Australia contact form OR enquiry OR suppliers","""Thomas Hotels"" Australia owner OR founder OR director OR operations OR procurement OR ""food and beverage""","site:thomashotels.com.au team OR people OR leadership OR director OR founder","site:linkedin.com/in ""Thomas Hotels"" Australia director OR operations OR procurement",""
"105","50","missing_form","Restaurant/Hotel Final Customer","AU-0207","Anyday","Final Customer","","https://anyday.com.au","","","","Find official enquiry/contact/supplier form as secondary route.","""Anyday"" Australia official contact","site:anyday.com.au contact OR enquiry OR suppliers","""Anyday"" Australia contact form OR enquiry OR suppliers","""Anyday"" Australia owner OR founder OR director OR operations OR procurement OR ""food and beverage""","site:anyday.com.au team OR people OR leadership OR director OR founder","site:linkedin.com/in ""Anyday"" Australia director OR operations OR procurement",""
"106","50","missing_form","Restaurant/Hotel Final Customer","LEAD-0201","Cateredbymatt","Final Customer","","https://cateredbymatt.com","","","","Find official enquiry/contact/supplier form as secondary route.","""Cateredbymatt"" Australia official contact","site:cateredbymatt.com contact OR enquiry OR suppliers","""Cateredbymatt"" Australia contact form OR enquiry OR suppliers","""Cateredbymatt"" Australia owner OR founder OR director OR operations OR procurement OR ""food and beverage""","site:cateredbymatt.com team OR people OR leadership OR director OR founder","site:linkedin.com/in ""Cateredbymatt"" Australia director OR operations OR procurement","https://cateredbymatt.com"
"107","50","missing_form","Restaurant/Hotel Final Customer","LEAD-0197","Littlecaterersydney","Final Customer","","http://www.littlecaterersydney.com","","","","Find official enquiry/contact/supplier form as secondary route.","""Littlecaterersydney"" Australia official contact","site:littlecaterersydney.com contact OR enquiry OR suppliers","""Littlecaterersydney"" Australia contact form OR enquiry OR suppliers","""Littlecaterersydney"" Australia owner OR founder OR director OR operations OR procurement OR ""food and beverage""","site:littlecaterersydney.com team OR people OR leadership OR director OR founder","site:linkedin.com/in ""Littlecaterersydney"" Australia director OR operations OR procurement","http://www.littlecaterersydney.com"
"108","50","missing_form","Restaurant/Hotel Final Customer","AU-0220","Prancing Pony Brewery","Final Customer","","https://prancingponybrewery.com.au","","","","Find official enquiry/contact/supplier form as secondary route.","""Prancing Pony Brewery"" Australia official contact","site:prancingponybrewery.com.au contact OR enquiry OR suppliers","""Prancing Pony Brewery"" Australia contact form OR enquiry OR suppliers","""Prancing Pony Brewery"" Australia owner OR founder OR director OR operations OR procurement OR ""food and beverage""","site:prancingponybrewery.com.au team OR people OR leadership OR director OR founder","site:linkedin.com/in ""Prancing Pony Brewery"" Australia director OR operations OR procurement",""
"109","50","missing_form","Restaurant/Hotel Final Customer","LEAD-0202","Thesydneycateringco","Final Customer","","https://www.thesydneycateringco.com","","","","Find official enquiry/contact/supplier form as secondary route.","""Thesydneycateringco"" Australia official contact","site:thesydneycateringco.com contact OR enquiry OR suppliers","""Thesydneycateringco"" Australia contact form OR enquiry OR suppliers","""Thesydneycateringco"" Australia owner OR founder OR director OR operations OR procurement OR ""food and beverage""","site:thesydneycateringco.com team OR people OR leadership OR director OR founder","site:linkedin.com/in ""Thesydneycateringco"" Australia director OR operations OR procurement","https://www.thesydneycateringco.com"
